{
    "label": "AUREA SPD Our system",
    "nZ": 10000000.0,
    "Protocol_symmetric": true,
    "plots_to_generate": [1],
    "edet": 0.01,
    "d_max": 90,
    "d_operating_km": 0.0,
    "dead_us": 10.0,
    "coeff": 0.78,
    "f": 0.26,
    "mu1": 0.29,
    "mu2": 0.103,
    "p1": 0.62,
    "p2": 0.0,
    "pZ": 0.9,
    "pX": 0.0,
    "f_rep": 80000000.0,
    "alpha": 0.23,
    "odr_losses": 13,
    "eta_bob": 0.2,
    "pdc": 1.33e-6,
    "esec": 1e-10,
    "ecor": 1e-10,
    "fEC": 1.16,
    "K": 19,
    "afterpulse": {
        "A": [0.32039698598403304, 0.032208330133852284],
        "tau": [2.8724115466588267, 11.643131595469473], 
        "R": 80
    },
    "disable_pap": false
}
